id_rankpop,popular_rank
1,1
2,2
3,3
4,4
5,5
6,6
7,7
8,8
9,9
10,10
11,11
12,12
13,13
14,14
15,15
16,16
17,17
18,18
19,19
20,20
21,21
22,22
23,23
24,24
25,25
26,26
27,27
28,28
29,29
30,30
31,31
32,32
33,33
34,34
35,35
36,36
37,37
38,38
39,39
40,40
41,41
42,42
43,43
44,44
45,45
46,46
47,47
48,48
49,49
50,50
51,51
52,52
53,53
54,54
55,55
56,56
57,57
58,58
59,59
60,60
61,61
62,62
63,63
64,64
65,65
66,66
67,67
68,68
69,69
70,70
71,71
72,72
73,73
74,74
75,75
76,76
77,77
78,78
79,79
80,80
81,81
82,82
83,83
84,84
85,85
86,86
87,87
88,88
89,89
90,90
91,91
92,92
93,93
94,94
95,95
96,96
97,97
98,98
99,99
100,100
101,101
102,102
103,103
104,104
105,105
106,106
107,107
108,108
109,109
110,110
111,111
112,112
113,113
114,114
115,115
116,116
117,117
118,118
119,119
120,120
121,121
122,122
123,123
124,124
125,125
126,126
127,127
128,128
129,129
130,130
131,131
132,132
133,133
134,134
135,135
136,136
137,137
138,138
139,139
140,140
141,141
142,142
143,143
144,144
145,145
146,146
147,147
148,148
149,149
150,150
151,151
152,152
153,153
154,154
155,155
156,156
157,157
158,158
159,159
160,160
161,161
162,162
163,163
164,164
165,165
166,166
167,167
168,168
169,169
170,170
171,171
172,172
173,173
174,174
175,175
176,176
177,177
178,178
179,179
180,180
181,181
182,182
183,183
184,184
185,185
186,186
187,187
188,188
189,189
190,190
191,191
192,192
193,193
194,194
195,195
196,196
197,197
198,198
199,199
200,200
201,201
202,202
203,203
204,204
205,205
206,206
207,207
208,208
209,209
210,210
211,211
212,212
213,213
214,214
215,215
216,216
217,217
218,218
219,219
220,220
221,221
222,222
223,223
224,224
225,225
226,226
227,227
228,228
229,229
230,230
231,231
232,232
233,233
234,234
235,235
236,236
237,237
238,238
239,239
240,240
241,241
242,242
243,243
244,244
245,245
246,246
247,247
248,248
249,249
250,250
251,251
252,252
253,253
254,254
255,255
256,256
257,257
258,258
259,259
260,260
261,261
262,262
263,263
264,264
265,265
266,266
267,267
268,268
269,269
270,270
271,271
272,272
273,273
274,274
275,275
276,276
277,277
278,278
279,279
280,280
281,281
282,282
283,283
284,284
285,285
286,286
287,287
288,288
289,289
290,290
291,291
292,292
293,293
294,294
295,295
296,296
297,297
298,298
299,299
300,300
301,301
302,302
303,303
304,304
305,305
306,306
307,307
308,308
309,309
310,310
311,311
312,312
313,313
314,314
315,315
316,316
317,317
318,318
319,319
320,321
321,322
322,323
323,324
324,325
325,326
326,327
327,328
328,329
329,330
330,331
331,332
332,333
333,334
334,335
335,336
336,337
337,338
338,339
339,340
340,341
341,342
342,343
343,344
344,345
345,346
346,347
347,348
348,349
349,350
350,351
351,352
352,353
353,354
354,355
355,356
356,357
357,358
358,359
359,360
360,361
361,362
362,363
363,364
364,365
365,366
366,367
367,368
368,369
369,370
370,371
371,372
372,373
373,374
374,375
375,376
376,377
377,378
378,379
379,380
380,381
381,382
382,383
383,384
384,385
385,386
386,387
387,388
388,389
389,390
390,391
391,392
392,393
393,394
394,395
395,396
396,397
397,398
398,399
399,400
400,401
401,402
402,403
403,404
404,405
405,406
406,407
407,408
408,409
409,410
410,411
411,412
412,413
413,414
414,415
415,416
416,417
417,418
418,420
419,421
420,422
421,423
422,424
423,425
424,426
425,427
426,428
427,429
428,430
429,431
430,432
431,433
432,434
433,435
434,436
435,437
436,438
437,439
438,440
439,441
440,442
441,443
442,444
443,445
444,446
445,447
446,448
447,449
448,450
449,451
450,452
451,453
452,454
453,455
454,456
455,457
456,458
457,459
458,460
459,461
460,462
461,463
462,464
463,465
464,466
465,467
466,468
467,469
468,470
469,471
470,472
471,473
472,474
473,475
474,476
475,477
476,478
477,479
478,480
479,481
480,482
481,483
482,484
483,485
484,486
485,487
486,488
487,489
488,490
489,491
490,492
491,493
492,494
493,495
494,496
495,497
496,498
497,499
498,500
499,501
500,502
501,503
502,504
503,505
504,506
505,507
506,508
507,509
508,510
509,511
510,512
511,513
512,514
513,515
514,516
515,518
516,519
517,520
518,521
519,522
520,523
521,524
522,525
523,526
524,527
525,528
526,529
527,530
528,531
529,532
530,533
531,534
532,535
533,536
534,537
535,538
536,539
537,540
538,541
539,542
540,543
541,544
542,545
543,546
544,547
545,548
546,549
547,550
548,551
549,552
550,553
551,554
552,555
553,556
554,557
555,558
556,559
557,560
558,561
559,562
560,563
561,564
562,565
563,566
564,567
565,568
566,569
567,570
568,571
569,572
570,573
571,574
572,575
573,576
574,577
575,578
576,579
577,580
578,581
579,582
580,583
581,584
582,585
583,586
584,587
585,588
586,589
587,590
588,592
589,593
590,594
591,595
592,596
593,597
594,598
595,599
596,600
597,601
598,602
599,603
600,604
601,605
602,606
603,607
604,608
605,609
606,610
607,611
608,612
609,613
610,614
611,615
612,616
613,617
614,618
615,619
616,620
617,621
618,622
619,623
620,624
621,625
622,626
623,627
624,628
625,629
626,630
627,631
628,632
629,633
630,634
631,635
632,636
633,637
634,638
635,639
636,640
637,641
638,642
639,643
640,644
641,645
642,646
643,647
644,648
645,649
646,650
647,651
648,652
649,653
650,654
651,655
652,656
653,657
654,658
655,660
656,661
657,662
658,663
659,664
660,665
661,666
662,667
663,668
664,669
665,670
666,671
667,672
668,673
669,674
670,675
671,676
672,677
673,678
674,679
675,680
676,681
677,682
678,683
679,684
680,685
681,686
682,687
683,688
684,689
685,690
686,691
687,692
688,693
689,694
690,695
691,696
692,697
693,698
694,699
695,700
696,701
697,702
698,703
699,704
700,705
701,706
702,707
703,708
704,709
705,710
706,711
707,712
708,713
709,714
710,715
711,716
712,717
713,718
714,719
715,720
716,721
717,722
718,723
719,724
720,725
721,726
722,727
723,728
724,729
725,730
726,731
727,732
728,733
729,734
730,735
731,736
732,737
733,738
734,739
735,740
736,741
737,742
738,743
739,744
740,745
741,746
742,747
743,748
744,749
745,750
746,751
747,752
748,753
749,754
750,755
751,756
752,757
753,758
754,759
755,760
756,761
757,762
758,763
759,764
760,765
761,766
762,767
763,768
764,769
765,770
766,771
767,772
768,773
769,774
770,775
771,776
772,777
773,778
774,779
775,780
776,781
777,782
778,783
779,784
780,785
781,786
782,787
783,788
784,789
785,790
786,791
787,792
788,793
789,794
790,795
791,796
792,797
793,798
794,799
795,800
796,801
797,802
798,803
799,804
800,805
801,806
802,807
803,808
804,809
805,810
806,811
807,812
808,813
809,814
810,815
811,816
812,817
813,818
814,819
815,820
816,821
817,822
818,823
819,824
820,825
821,826
822,827
823,828
824,829
825,830
826,831
827,832
828,833
829,834
830,835
831,836
832,837
833,838
834,839
835,840
836,841
837,842
838,843
839,844
840,845
841,846
842,847
843,848
844,849
845,850
846,851
847,852
848,853
849,854
850,855
851,856
852,857
853,858
854,859
855,860
856,861
857,862
858,863
859,864
860,865
861,866
862,867
863,868
864,869
865,870
866,871
867,872
868,873
869,874
870,875
871,876
872,877
873,878
874,879
875,880
876,881
877,882
878,883
879,884
880,885
881,886
882,887
883,888
884,889
885,890
886,891
887,892
888,893
889,894
890,895
891,896
892,897
893,898
894,899
895,900
896,901
897,902
898,903
899,904
900,905
901,906
902,907
903,908
904,909
905,910
906,911
907,912
908,913
909,914
910,915
911,916
912,917
913,918
914,919
915,920
916,921
917,922
918,923
919,924
920,925
921,926
922,927
923,928
924,929
925,930
926,931
927,932
928,933
929,934
930,935
931,936
932,937
933,938
934,939
935,940
936,941
937,942
938,943
939,944
940,945
941,946
942,947
943,948
944,949
945,950
946,951
947,952
948,953
949,954
950,955
951,956
952,957
953,958
954,959
955,960
956,961
957,962
958,963
959,964
960,965
961,966
962,967
963,968
964,969
965,970
966,971
967,972
968,973
969,974
970,975
971,976
972,977
973,978
974,979
975,980
976,981
977,982
978,983
979,984
980,985
981,986
982,987
983,988
984,989
985,990
986,991
987,992
988,993
989,994
990,995
991,996
992,997
993,998
994,999
995,1000
996,1001
997,1002
998,1003
999,1004
1000,1005
1001,1006
1002,1007
1003,1008
1004,1009
1005,1010
1006,1011
1007,1012
1008,1013
1009,1014
1010,1015
1011,1016
1012,1017
1013,1018
1014,1019
1015,1020
1016,1021
1017,1022
1018,1023
1019,1024
1020,1025
1021,1026
1022,1027
1023,1028
1024,1029
1025,1030
1026,1031
1027,1032
1028,1033
1029,1034
1030,1035
1031,1036
1032,1037
1033,1038
1034,1039
1035,1040
1036,1041
1037,1042
1038,1043
1039,1044
1040,1045
1041,1046
1042,1047
1043,1048
1044,1049
1045,1050
1046,1051
1047,1052
1048,1053
1049,1054
1050,1055
1051,1056
1052,1057
1053,1058
1054,1059
1055,1060
1056,1061
1057,1062
1058,1063
1059,1064
1060,1065
1061,1066
1062,1067
1063,1068
1064,1069
1065,1070
1066,1071
1067,1072
1068,1073
1069,1074
1070,1075
1071,1076
1072,1077
1073,1078
1074,1079
1075,1080
1076,1081
1077,1082
1078,1083
1079,1084
1080,1085
1081,1086
1082,1087
1083,1088
1084,1089
1085,1090
1086,1091
1087,1092
1088,1093
1089,1094
1090,1095
1091,1096
1092,1097
1093,1098
1094,1099
1095,1100
1096,1101
1097,1102
1098,1103
1099,1104
1100,1105
1101,1106
1102,1107
1103,1108
1104,1109
1105,1110
1106,1111
1107,1112
1108,1113
1109,1114
1110,1115
1111,1116
1112,1117
1113,1118
1114,1119
1115,1120
1116,1121
1117,1122
1118,1123
1119,1124
1120,1125
1121,1126
1122,1127
1123,1128
1124,1129
1125,1130
1126,1131
1127,1132
1128,1133
1129,1134
1130,1135
1131,1136
1132,1137
1133,1138
1134,1139
1135,1140
1136,1141
1137,1142
1138,1143
1139,1144
1140,1145
1141,1146
1142,1147
1143,1148
1144,1149
1145,1150
1146,1151
1147,1152
1148,1153
1149,1154
1150,1155
1151,1156
1152,1157
1153,1158
1154,1159
1155,1160
1156,1161
1157,1162
1158,1163
1159,1164
1160,1165
1161,1166
1162,1167
1163,1168
1164,1169
1165,1170
1166,1171
1167,1172
1168,1173
1169,1174
1170,1175
1171,1176
1172,1177
1173,1179
1174,1180
1175,1181
1176,1182
1177,1183
1178,1184
1179,1185
1180,1186
1181,1187
1182,1188
1183,1189
1184,1190
1185,1191
1186,1192
1187,1193
1188,1194
1189,1195
1190,1196
1191,1197
1192,1198
1193,1199
1194,1200
1195,1201
1196,1202
1197,1203
1198,1204
1199,1205
1200,1206
1201,1207
1202,1208
1203,1209
1204,1210
1205,1211
1206,1212
1207,1213
1208,1214
1209,1215
1210,1216
1211,1217
1212,1218
1213,1219
1214,1220
1215,1221
1216,1222
1217,1223
1218,1224
1219,1225
1220,1226
1221,1227
1222,1228
1223,1229
1224,1230
1225,1231
1226,1232
1227,1233
1228,1234
1229,1235
1230,1236
1231,1237
1232,1238
1233,1239
1234,1240
1235,1241
1236,1242
1237,1243
1238,1244
1239,1245
1240,1246
1241,1247
1242,1248
1243,1249
1244,1250
1245,1251
1246,1252
1247,1253
1248,1254
1249,1255
1250,1256
1251,1257
1252,1258
1253,1259
1254,1260
1255,1261
1256,1262
1257,1263
1258,1264
1259,1265
1260,1266
1261,1267
1262,1268
1263,1269
1264,1270
1265,1271
1266,1272
1267,1273
1268,1274
1269,1275
1270,1276
1271,1277
1272,1278
1273,1279
1274,1280
1275,1281
1276,1282
1277,1283
1278,1284
1279,1285
1280,1286
1281,1287
1282,1288
1283,1289
1284,1290
1285,1291
1286,1292
1287,1293
1288,1294
1289,1295
1290,1296
1291,1297
1292,1298
1293,1299
1294,1300
1295,1301
1296,1302
1297,1303
1298,1304
1299,1305
1300,1306
1301,1307
1302,1308
1303,1309
1304,1310
1305,1311
1306,1312
1307,1313
1308,1314
1309,1315
1310,1316
1311,1317
1312,1318
1313,1319
1314,1320
1315,1321
1316,1322
1317,1323
1318,1324
1319,1325
1320,1326
1321,1327
1322,1329
1323,1330
1324,1331
1325,1332
1326,1333
1327,1334
1328,1335
1329,1336
1330,1337
1331,1338
1332,1339
1333,1340
1334,1341
1335,1342
1336,1343
1337,1344
1338,1345
1339,1346
1340,1347
1341,1348
1342,1349
1343,1350
1344,1351
1345,1352
1346,1353
1347,1354
1348,1355
1349,1356
1350,1357
1351,1358
1352,1359
1353,1360
1354,1361
1355,1362
1356,1363
1357,1364
1358,1365
1359,1366
1360,1367
1361,1368
1362,1369
1363,1370
1364,1371
1365,1372
1366,1373
1367,1374
1368,1375
1369,1376
1370,1377
1371,1378
1372,1379
1373,1380
1374,1381
1375,1382
1376,1383
1377,1384
1378,1385
1379,1386
1380,1387
1381,1388
1382,1389
1383,1390
1384,1391
1385,1392
1386,1393
1387,1394
1388,1395
1389,1396
1390,1397
1391,1398
1392,1399
1393,1400
1394,1401
1395,1402
1396,1403
1397,1404
1398,1405
1399,1406
1400,1407
1401,1408
1402,1409
1403,1410
1404,1411
1405,1412
1406,1413
1407,1414
1408,1415
1409,1416
1410,1417
1411,1418
1412,1419
1413,1420
1414,1421
1415,1422
1416,1423
1417,1424
1418,1425
1419,1426
1420,1427
1421,1428
1422,1429
1423,1430
1424,1431
1425,1432
1426,1433
1427,1434
1428,1435
1429,1436
1430,1437
1431,1438
1432,1440
1433,1441
1434,1442
1435,1443
1436,1444
1437,1445
1438,1446
1439,1447
1440,1448
1441,1449
1442,1450
1443,1451
1444,1452
1445,1453
1446,1454
1447,1455
1448,1456
1449,1457
1450,1458
1451,1459
1452,1460
1453,1461
1454,1462
1455,1463
1456,1464
1457,1465
1458,1466
1459,1467
1460,1468
1461,1469
1462,1470
1463,1471
1464,1472
1465,1473
1466,1474
1467,1475
1468,1476
1469,1477
1470,1478
1471,1479
1472,1480
1473,1481
1474,1482
1475,1483
1476,1484
1477,1485
1478,1486
1479,1487
1480,1488
1481,1489
1482,1490
1483,1491
1484,1492
1485,1493
1486,1494
1487,1495
1488,1496
1489,1497
1490,1498
1491,1499
1492,1500
1493,1501
1494,1502
1495,1503
1496,1504
1497,1505
1498,1506
1499,1507
1500,1508
1501,1509
1502,1510
1503,1511
1504,1512
1505,1513
1506,1514
1507,1515
1508,1516
1509,1517
1510,1518
1511,1519
1512,1520
1513,1521
1514,1522
1515,1523
1516,1524
1517,1525
1518,1526
1519,1527
1520,1528
1521,1529
1522,1530
1523,1531
1524,1532
1525,1533
1526,1534
1527,1535
1528,1536
1529,1537
1530,1538
1531,1539
1532,1540
1533,1541
1534,1542
1535,1543
1536,1544
1537,1545
1538,1546
1539,1547
1540,1548
1541,1549
1542,1550
1543,1551
1544,1552
1545,1553
1546,1554
1547,1555
1548,1556
1549,1557
1550,1558
1551,1559
1552,1560
1553,1561
1554,1562
1555,1563
1556,1564
1557,1565
1558,1566
1559,1567
1560,1568
1561,1569
1562,1570
1563,1571
1564,1572
1565,1573
1566,1574
1567,1575
1568,1576
1569,1577
1570,1578
1571,1579
1572,1580
1573,1581
1574,1582
1575,1583
1576,1585
1577,1586
1578,1587
1579,1588
1580,1589
1581,1590
1582,1591
1583,1592
1584,1593
1585,1594
1586,1595
1587,1596
1588,1597
1589,1598
1590,1599
1591,1600
1592,1601
1593,1602
1594,1603
1595,1604
1596,1605
1597,1606
1598,1607
1599,1608
1600,1609
1601,1610
1602,1611
1603,1612
1604,1613
1605,1614
1606,1615
1607,1616
1608,1617
1609,1618
1610,1619
1611,1620
1612,1621
1613,1622
1614,1623
1615,1624
1616,1625
1617,1626
1618,1627
1619,1628
1620,1629
1621,1630
1622,1631
1623,1632
1624,1633
1625,1634
1626,1635
1627,1636
1628,1637
1629,1638
1630,1640
1631,1641
1632,1642
1633,1643
1634,1645
1635,1646
1636,1647
1637,1648
1638,1649
1639,1650
1640,1651
1641,1652
1642,1653
1643,1654
1644,1655
1645,1656
1646,1657
1647,1658
1648,1659
1649,1660
1650,1661
1651,1662
1652,1663
1653,1664
1654,1665
1655,1666
1656,1667
1657,1668
1658,1669
1659,1670
1660,1671
1661,1672
1662,1673
1663,1674
1664,1675
1665,1676
1666,1677
1667,1678
1668,1679
1669,1680
1670,1681
1671,1682
1672,1683
1673,1684
1674,1685
1675,1686
1676,1687
1677,1688
1678,1689
1679,1690
1680,1691
1681,1692
1682,1693
1683,1694
1684,1695
1685,1696
1686,1697
1687,1698
1688,1699
1689,1700
1690,1701
1691,1702
1692,1703
1693,1704
1694,1705
1695,1706
1696,1707
1697,1708
1698,1709
1699,1710
1700,1711
1701,1712
1702,1713
1703,1714
1704,1715
1705,1716
1706,1717
1707,1718
1708,1719
1709,1720
1710,1721
1711,1722
1712,1723
1713,1724
1714,1725
1715,1726
1716,1727
1717,1728
1718,1729
1719,1730
1720,1731
1721,1732
1722,1733
1723,1734
1724,1735
1725,1736
1726,1737
1727,1738
1728,1739
1729,1740
1730,1741
1731,1742
1732,1743
1733,1744
1734,1745
1735,1746
1736,1747
1737,1748
1738,1749
1739,1750
1740,1751
1741,1752
1742,1753
1743,1754
1744,1755
1745,1756
1746,1757
1747,1758
1748,1759
1749,1760
1750,1761
1751,1762
1752,1763
1753,1764
1754,1765
1755,1766
1756,1767
1757,1768
1758,1769
1759,1770
1760,1771
1761,1772
1762,1773
1763,1774
1764,1775
1765,1776
1766,1777
1767,1778
1768,1779
1769,1780
1770,1781
1771,1782
1772,1783
1773,1784
1774,1785
1775,1786
1776,1787
1777,1788
1778,1789
1779,1790
1780,1791
1781,1792
1782,1793
1783,1794
1784,1795
1785,1796
1786,1797
1787,1798
1788,1799
1789,1800
1790,1801
1791,1802
1792,1803
1793,1804
1794,1805
1795,1806
1796,1807
1797,1808
1798,1809
1799,1810
1800,1811
1801,1812
1802,1813
1803,1814
1804,1815
1805,1816
1806,1817
1807,1818
1808,1819
1809,1820
1810,1821
1811,1822
1812,1823
1813,1824
1814,1825
1815,1826
1816,1827
1817,1828
1818,1829
1819,1830
1820,1831
1821,1832
1822,1833
1823,1834
1824,1835
1825,1836
1826,1837
1827,1838
1828,1839
1829,1840
1830,1841
1831,1842
1832,1843
1833,1844
1834,1845
1835,1846
1836,1847
1837,1848
1838,1849
1839,1850
1840,1851
1841,1852
1842,1853
1843,1854
1844,1855
1845,1856
1846,1857
1847,1858
1848,1859
1849,1860
1850,1861
1851,1862
1852,1863
1853,1864
1854,1865
1855,1866
1856,1867
1857,1868
1858,1869
1859,1870
1860,1871
1861,1872
1862,1873
1863,1874
1864,1875
1865,1876
1866,1877
1867,1878
1868,1879
1869,1880
1870,1881
1871,1882
1872,1883
1873,1884
1874,1885
1875,1886
1876,1887
1877,1888
1878,1889
1879,1890
1880,1891
1881,1892
1882,1893
1883,1894
1884,1895
1885,1896
1886,1897
1887,1898
1888,1899
1889,1900
1890,1901
1891,1902
1892,1903
1893,1904
1894,1905
1895,1906
1896,1907
1897,1908
1898,1909
1899,1910
1900,1911
1901,1912
1902,1913
1903,1914
1904,1915
1905,1916
1906,1917
1907,1918
1908,1919
1909,1920
1910,1921
1911,1922
1912,1923
1913,1924
1914,1925
1915,1926
1916,1927
1917,1928
1918,1929
1919,1930
1920,1931
1921,1932
1922,1933
1923,1934
1924,1935
1925,1936
1926,1937
1927,1938
1928,1939
1929,1940
1930,1941
1931,1942
1932,1943
1933,1945
1934,1946
1935,1947
1936,1948
1937,1949
1938,1950
1939,1951
1940,1952
1941,1953
1942,1954
1943,1955
1944,1956
1945,1957
1946,1958
1947,1959
1948,1960
1949,1961
1950,1962
1951,1963
1952,1964
1953,1965
1954,1966
1955,1967
1956,1968
1957,1969
1958,1970
1959,1971
1960,1972
1961,1973
1962,1974
1963,1975
1964,1976
1965,1977
1966,1978
1967,1979
1968,1980
1969,1981
1970,1982
1971,1983
1972,1984
1973,1985
1974,1986
1975,1987
1976,1988
1977,1989
1978,1990
1979,1991
1980,1992
1981,1993
1982,1994
1983,1995
1984,1996
1985,1997
1986,1998
1987,1999
1988,2000
1989,2001
1990,2002
1991,2003
1992,2004
1993,2005
1994,2006
1995,2007
1996,2008
1997,2009
1998,2010
1999,2011
2000,2012
2001,2013
2002,2014
2003,2015
2004,2016
2005,2017
2006,2018
2007,2019
2008,2020
2009,2021
2010,2022
2011,2023
2012,2024
2013,2025
2014,2026
2015,2027
2016,2028
2017,2029
2018,2030
2019,2031
2020,2032
2021,2033
2022,2034
2023,2035
2024,2036
2025,2037
2026,2038
2027,2039
2028,2040
2029,2041
2030,2042
2031,2043
2032,2044
2033,2045
2034,2046
2035,2047
2036,2048
2037,2049
2038,2050
2039,2051
2040,2052
2041,2053
2042,2054
2043,2055
2044,2056
2045,2057
2046,2058
2047,2059
2048,2060
2049,2061
2050,2062
2051,2063
2052,2064
2053,2065
2054,2066
2055,2067
2056,2068
2057,2069
2058,2070
2059,2071
2060,2072
2061,2073
2062,2074
2063,2075
2064,2076
2065,2077
2066,2078
2067,2079
2068,2080
2069,2081
2070,2082
2071,2083
2072,2084
2073,2085
2074,2086
2075,2087
2076,2088
2077,2089
2078,2090
2079,2091
2080,2092
2081,2093
2082,2094
2083,2095
2084,2097
2085,2098
2086,2099
2087,2100
2088,2101
2089,2102
2090,2103
2091,2104
2092,2105
2093,2106
2094,2107
2095,2108
2096,2109
2097,2110
2098,2111
2099,2112
2100,2113
2101,2114
2102,2115
2103,2116
2104,2117
2105,2118
2106,2119
2107,2120
2108,2121
2109,2122
2110,2123
2111,2124
2112,2125
2113,2126
2114,2127
2115,2129
2116,2130
2117,2131
2118,2132
2119,2133
2120,2134
2121,2135
2122,2136
2123,2137
2124,2138
2125,2139
2126,2140
2127,2141
2128,2142
2129,2143
2130,2144
2131,2145
2132,2146
2133,2147
2134,2148
2135,2149
2136,2150
2137,2151
2138,2152
2139,2153
2140,2154
2141,2155
2142,2156
2143,2157
2144,2158
2145,2159
2146,2160
2147,2161
2148,2162
2149,2163
2150,2164
2151,2165
2152,2166
2153,2167
2154,2168
2155,2169
2156,2170
2157,2171
2158,2172
2159,2173
2160,2174
2161,2175
2162,2176
2163,2177
2164,2178
2165,2179
2166,2180
2167,2181
2168,2182
2169,2183
2170,2184
2171,2185
2172,2186
2173,2187
2174,2188
2175,2189
2176,2190
2177,2191
2178,2192
2179,2193
2180,2194
2181,2195
2182,2196
2183,2197
2184,2198
2185,2199
2186,2200
2187,2201
2188,2202
2189,2203
2190,2204
2191,2205
2192,2206
2193,2207
2194,2208
2195,2209
2196,2210
2197,2211
2198,2212
2199,2213
2200,2214
2201,2215
2202,2216
2203,2217
2204,2218
2205,2219
2206,2220
2207,2221
2208,2222
2209,2223
2210,2224
2211,2225
2212,2226
2213,2227
2214,2228
2215,2229
2216,2230
2217,2231
2218,2232
2219,2233
2220,2234
2221,2235
2222,2236
2223,2237
2224,2238
2225,2239
2226,2240
2227,2241
2228,2242
2229,2243
2230,2244
2231,2245
2232,2246
2233,2248
2234,2249
2235,2250
2236,2251
2237,2252
2238,2253
2239,2254
2240,2255
2241,2256
2242,2257
2243,2258
2244,2259
2245,2260
2246,2261
2247,2262
2248,2263
2249,2264
2250,2265
2251,2266
2252,2267
2253,2268
2254,2269
2255,2270
2256,2271
2257,2272
2258,2273
2259,2274
2260,2275
2261,2276
2262,2277
2263,2278
2264,2279
2265,2280
2266,2281
2267,2282
2268,2283
2269,2284
2270,2285
2271,2286
2272,2287
2273,2288
2274,2289
2275,2290
2276,2291
2277,2292
2278,2293
2279,2294
2280,2295
2281,2296
2282,2297
2283,2298
2284,2299
2285,2300
2286,2301
2287,2302
2288,2303
2289,2304
2290,2305
2291,2306
2292,2307
2293,2308
2294,2309
2295,2310
2296,2311
2297,2312
2298,2313
2299,2314
2300,2315
2301,2316
2302,2317
2303,2318
2304,2319
2305,2320
2306,2321
2307,2322
2308,2323
2309,2324
2310,2325
2311,2326
2312,2327
2313,2328
2314,2329
2315,2330
2316,2331
2317,2332
2318,2333
2319,2334
2320,2335
2321,2336
2322,2337
2323,2338
2324,2339
2325,2340
2326,2341
2327,2342
2328,2343
2329,2344
2330,2345
2331,2346
2332,2347
2333,2348
2334,2349
2335,2350
2336,2351
2337,2352
2338,2353
2339,2354
2340,2355
2341,2356
2342,2357
2343,2358
2344,2359
2345,2360
2346,2361
2347,2362
2348,2363
2349,2365
2350,2366
2351,2368
2352,2369
2353,2370
2354,2371
2355,2372
2356,2373
2357,2374
2358,2375
2359,2376
2360,2377
2361,2378
2362,2379
2363,2380
2364,2381
2365,2382
2366,2383
2367,2384
2368,2385
2369,2386
2370,2387
2371,2388
2372,2389
2373,2390
2374,2391
2375,2392
2376,2393
2377,2394
2378,2395
2379,2396
2380,2397
2381,2398
2382,2399
2383,2400
2384,2401
2385,2402
2386,2403
2387,2404
2388,2405
2389,2406
2390,2407
2391,2408
2392,2409
2393,2410
2394,2412
2395,2413
2396,2414
2397,2415
2398,2416
2399,2417
2400,2418
2401,2419
2402,2420
2403,2421
2404,2422
2405,2423
2406,2424
2407,2425
2408,2426
2409,2427
2410,2428
2411,2429
2412,2430
2413,2431
2414,2432
2415,2433
2416,2434
2417,2435
2418,2436
2419,2437
2420,2438
2421,2439
2422,2440
2423,2441
2424,2442
2425,2443
2426,2444
2427,2445
2428,2446
2429,2447
2430,2448
2431,2449
2432,2450
2433,2451
2434,2452
2435,2453
2436,2454
2437,2455
2438,2456
2439,2457
2440,2458
2441,2459
2442,2460
2443,2461
2444,2462
2445,2463
2446,2464
2447,2465
2448,2466
2449,2467
2450,2468
2451,2469
2452,2470
2453,2471
2454,2472
2455,2473
2456,2474
2457,2475
2458,2476
2459,2477
2460,2478
2461,2479
2462,2480
2463,2481
2464,2482
2465,2483
2466,2484
2467,2485
2468,2486
2469,2487
2470,2488
2471,2489
2472,2490
2473,2491
2474,2492
2475,2493
2476,2494
2477,2495
2478,2496
2479,2497
2480,2498
2481,2499
2482,2500
2483,2501
2484,2502
2485,2503
2486,2504
2487,2505
2488,2506
2489,2507
2490,2508
2491,2509
2492,2510
2493,2511
2494,2512
2495,2513
2496,2514
2497,2515
2498,2516
2499,2517
2500,2518
2501,2519
2502,2520
2503,2522
2504,2523
2505,2524
2506,2525
2507,2526
2508,2527
2509,2528
2510,2529
2511,2530
2512,2531
2513,2532
2514,2533
2515,2534
2516,2535
2517,2536
2518,2537
2519,2538
2520,2539
2521,2540
2522,2542
2523,2543
2524,2544
2525,2545
2526,2546
2527,2547
2528,2548
2529,2549
2530,2550
2531,2551
2532,2552
2533,2553
2534,2554
2535,2555
2536,2556
2537,2557
2538,2558
2539,2559
2540,2560
2541,2561
2542,2562
2543,2563
2544,2564
2545,2565
2546,2566
2547,2567
2548,2568
2549,2569
2550,2570
2551,2571
2552,2572
2553,2573
2554,2574
2555,2575
2556,2576
2557,2577
2558,2578
2559,2579
2560,2580
2561,2581
2562,2582
2563,2583
2564,2584
2565,2585
2566,2586
2567,2587
2568,2588
2569,2589
2570,2590
2571,2591
2572,2592
2573,2593
2574,2594
2575,2595
2576,2596
2577,2597
2578,2598
2579,2599
2580,2600
2581,2601
2582,2602
2583,2603
2584,2604
2585,2605
2586,2606
2587,2607
2588,2608
2589,2609
2590,2610
2591,2611
2592,2612
2593,2613
2594,2614
2595,2615
2596,2616
2597,2617
2598,2618
2599,2619
2600,2620
2601,2621
2602,2622
2603,2623
2604,2624
2605,2625
2606,2626
2607,2627
2608,2628
2609,2629
2610,2630
2611,2631
2612,2632
2613,2633
2614,2634
2615,2635
2616,2636
2617,2637
2618,2638
2619,2639
2620,2640
2621,2641
2622,2642
2623,2643
2624,2644
2625,2645
2626,2646
2627,2647
2628,2648
2629,2649
2630,2650
2631,2652
2632,2653
2633,2654
2634,2655
2635,2656
2636,2657
2637,2658
2638,2660
2639,2661
2640,2662
2641,2663
2642,2664
2643,2665
2644,2666
2645,2667
2646,2668
2647,2669
2648,2670
2649,2671
2650,2672
2651,2673
2652,2674
2653,2675
2654,2676
2655,2677
2656,2678
2657,2679
2658,2680
2659,2681
2660,2682
2661,2683
2662,2684
2663,2685
2664,2686
2665,2687
2666,2688
2667,2689
2668,2690
2669,2691
2670,2692
2671,2693
2672,2694
2673,2695
2674,2696
2675,2697
2676,2698
2677,2699
2678,2700
2679,2701
2680,2702
2681,2703
2682,2704
2683,2705
2684,2706
2685,2707
2686,2708
2687,2709
2688,2710
2689,2711
2690,2712
2691,2713
2692,2714
2693,2715
2694,2716
2695,2717
2696,2718
2697,2719
2698,2720
2699,2721
2700,2722
2701,2723
2702,2724
2703,2725
2704,2726
2705,2727
2706,2728
2707,2729
2708,2730
2709,2731
2710,2732
2711,2733
2712,2734
2713,2735
2714,2736
2715,2737
2716,2738
2717,2739
2718,2740
2719,2741
2720,2742
2721,2743
2722,2744
2723,2745
2724,2746
2725,2747
2726,2748
2727,2749
2728,2750
2729,2751
2730,2752
2731,2753
2732,2754
2733,2755
2734,2756
2735,2757
2736,2758
2737,2759
2738,2760
2739,2761
2740,2762
2741,2763
2742,2764
2743,2765
2744,2766
2745,2767
2746,2768
2747,2769
2748,2770
2749,2771
2750,2772
2751,2773
2752,2774
2753,2775
2754,2776
2755,2777
2756,2778
2757,2779
2758,2780
2759,2781
2760,2782
2761,2783
2762,2784
2763,2785
2764,2786
2765,2787
2766,2788
2767,2789
2768,2790
2769,2791
2770,2792
2771,2793
2772,2794
2773,2795
2774,2796
2775,2797
2776,2798
2777,2799
2778,2800
2779,2801
2780,2802
2781,2803
2782,2804
2783,2805
2784,2806
2785,2807
2786,2808
2787,2809
2788,2810
2789,2811
2790,2812
2791,2813
2792,2814
2793,2815
2794,2816
2795,2817
2796,2818
2797,2819
2798,2820
2799,2821
2800,2822
2801,2823
2802,2824
2803,2825
2804,2826
2805,2827
2806,2828
2807,2829
2808,2830
2809,2831
2810,2832
2811,2833
2812,2834
2813,2835
2814,2836
2815,2837
2816,2838
2817,2839
2818,2840
2819,2841
2820,2842
2821,2843
2822,2844
2823,2845
2824,2846
2825,2847
2826,2848
2827,2849
2828,2850
2829,2851
2830,2852
2831,2853
2832,2854
2833,2855
2834,2856
2835,2857
2836,2858
2837,2859
2838,2860
2839,2861
2840,2862
2841,2863
2842,2864
2843,2865
2844,2866
2845,2867
2846,2868
2847,2869
2848,2870
2849,2871
2850,2872
2851,2873
2852,2874
2853,2875
2854,2876
2855,2877
2856,2878
2857,2879
2858,2880
2859,2881
2860,2882
2861,2883
2862,2884
2863,2885
2864,2886
2865,2887
2866,2888
2867,2889
2868,2890
2869,2891
2870,2892
2871,2893
2872,2894
2873,2895
2874,2896
2875,2897
2876,2898
2877,2899
2878,2900
2879,2901
2880,2902
2881,2903
2882,2904
2883,2905
2884,2906
2885,2907
2886,2908
2887,2909
2888,2910
2889,2911
2890,2912
2891,2913
2892,2914
2893,2915
2894,2916
2895,2917
2896,2918
2897,2919
2898,2920
2899,2921
2900,2922
2901,2923
2902,2924
2903,2925
2904,2926
2905,2927
2906,2928
2907,2929
2908,2930
2909,2931
2910,2932
2911,2933
2912,2934
2913,2935
2914,2936
2915,2937
2916,2938
2917,2939
2918,2940
2919,2941
2920,2942
2921,2943
2922,2944
2923,2945
2924,2946
2925,2947
2926,2948
2927,2949
2928,2950
2929,2951
2930,2952
2931,2953
2932,2954
2933,2955
2934,2956
2935,2957
2936,2958
2937,2959
2938,2960
2939,2961
2940,2962
2941,2963
2942,2964
2943,2965
2944,2966
2945,2967
2946,2968
2947,2969
2948,2970
2949,2971
2950,2972
2951,2973
2952,2974
2953,2975
2954,2976
2955,2977
2956,2978
2957,2979
2958,2980
2959,2981
2960,2982
2961,2983
2962,2984
2963,2985
2964,2986
2965,2987
2966,2988
2967,2989
2968,2990
2969,2991
2970,2992
2971,2993
2972,2994
2973,2995
2974,2996
2975,2997
2976,2998
2977,2999
2978,3000
2979,3001
2980,3002
2981,3003
2982,3004
2983,3005
2984,3006
2985,3007
2986,3008
2987,3009
2988,3010
2989,3011
2990,3012
2991,3013
2992,3014
2993,3015
2994,3016
2995,3017
2996,3018
2997,3019
2998,3020
2999,3021
3000,3022
3001,3023
3002,3024
3003,3025
3004,3026
3005,3027
3006,3028
3007,3029
3008,3030
3009,3031
3010,3032
3011,3033
3012,3034
3013,3035
3014,3036
3015,3037
3016,3038
3017,3039
3018,3040
3019,3041
3020,3042
3021,3043
3022,3044
3023,3045
3024,3046
3025,3047
3026,3048
3027,3049
3028,3050
3029,3051
3030,3052
3031,3053
3032,3054
3033,3055
3034,3056
3035,3057
3036,3058
3037,3059
3038,3060
3039,3061
3040,3062
3041,3063
3042,3064
3043,3065
3044,3066
3045,3067
3046,3068
3047,3069
3048,3070
3049,3071
3050,3072
3051,3073
3052,3074
3053,3075
3054,3076
3055,3077
3056,3078
3057,3079
3058,3080
3059,3081
3060,3082
3061,3083
3062,3084
3063,3085
3064,3086
3065,3087
3066,3088
3067,3089
3068,3090
3069,3091
3070,3092
3071,3093
3072,3094
3073,3095
3074,3096
3075,3097
3076,3098
3077,3099
3078,3100
3079,3101
3080,3102
3081,3103
3082,3104
3083,3105
3084,3106
3085,3107
3086,3108
3087,3109
3088,3110
3089,3111
3090,3112
3091,3113
3092,3114
3093,3115
3094,3116
3095,3117
3096,3118
3097,3119
3098,3120
3099,3121
3100,3122
3101,3123
3102,3124
3103,3125
3104,3126
3105,3127
3106,3128
3107,3129
3108,3130
3109,3131
3110,3132
3111,3133
3112,3134
3113,3135
3114,3136
3115,3137
3116,3138
3117,3139
3118,3140
3119,3141
3120,3142
3121,3143
3122,3144
3123,3145
3124,3146
3125,3147
3126,3148
3127,3149
3128,3150
3129,3151
3130,3152
3131,3153
3132,3154
3133,3155
3134,3156
3135,3157
3136,3158
3137,3159
3138,3160
3139,3161
3140,3162
3141,3163
3142,3164
3143,3165
3144,3166
3145,3167
3146,3168
3147,3169
3148,3170
3149,3171
3150,3172
3151,3173
3152,3174
3153,3175
3154,3176
3155,3177
3156,3178
3157,3179
3158,3180
3159,3181
3160,3183
3161,3184
3162,3185
3163,3186
3164,3187
3165,3188
3166,3189
3167,3190
3168,3191
3169,3192
3170,3193
3171,3194
3172,3195
3173,3196
3174,3197
3175,3198
3176,3199
3177,3200
3178,3201
3179,3202
3180,3203
3181,3204
3182,3205
3183,3206
3184,3207
3185,3208
3186,3209
3187,3210
3188,3211
3189,3212
3190,3213
3191,3214
3192,3215
3193,3216
3194,3217
3195,3218
3196,3219
3197,3220
3198,3221
3199,3222
3200,3223
3201,3224
3202,3225
3203,3226
3204,3227
3205,3228
3206,3229
3207,3230
3208,3231
3209,3232
3210,3233
3211,3234
3212,3235
3213,3236
3214,3238
3215,3239
3216,3240
3217,3241
3218,3242
3219,3243
3220,3244
3221,3245
3222,3246
3223,3247
3224,3248
3225,3249
3226,3250
3227,3251
3228,3252
3229,3253
3230,3254
3231,3255
3232,3256
3233,3257
3234,3258
3235,3259
3236,3260
3237,3261
3238,3262
3239,3263
3240,3264
3241,3265
3242,3266
3243,3267
3244,3268
3245,3269
3246,3270
3247,3271
3248,3272
3249,3273
3250,3274
3251,3275
3252,3276
3253,3277
3254,3278
3255,3279
3256,3280
3257,3281
3258,3282
3259,3283
3260,3284
3261,3285
3262,3286
3263,3287
3264,3288
3265,3289
3266,3290
3267,3291
3268,3292
3269,3293
3270,3294
3271,3295
3272,3296
3273,3297
3274,3298
3275,3299
3276,3300
3277,3301
3278,3302
3279,3303
3280,3304
3281,3305
3282,3306
3283,3307
3284,3308
3285,3309
3286,3310
3287,3311
3288,3312
3289,3313
3290,3314
3291,3315
3292,3316
3293,3317
3294,3318
3295,3319
3296,3320
3297,3321
3298,3322
3299,3323
3300,3324
3301,3325
3302,3326
3303,3327
3304,3328
3305,3329
3306,3330
3307,3331
3308,3332
3309,3333
3310,3334
3311,3335
3312,3336
3313,3337
3314,3338
3315,3339
3316,3340
3317,3341
3318,3342
3319,3343
3320,3344
3321,3345
3322,3346
3323,3347
3324,3348
3325,3349
3326,3350
3327,3351
3328,3352
3329,3353
3330,3354
3331,3355
3332,3356
3333,3357
3334,3358
3335,3359
3336,3360
3337,3361
3338,3362
3339,3364
3340,3365
3341,3366
3342,3367
3343,3368
3344,3369
3345,3370
3346,3371
3347,3372
3348,3373
3349,3374
3350,3375
3351,3376
3352,3377
3353,3378
3354,3379
3355,3380
3356,3381
3357,3382
3358,3383
3359,3385
3360,3386
3361,3387
3362,3388
3363,3389
3364,3390
3365,3391
3366,3392
3367,3393
3368,3394
3369,3395
3370,3396
3371,3397
3372,3398
3373,3399
3374,3400
3375,3401
3376,3402
3377,3403
3378,3404
3379,3405
3380,3406
3381,3407
3382,3408
3383,3409
3384,3410
3385,3411
3386,3412
3387,3413
3388,3414
3389,3415
3390,3416
3391,3417
3392,3418
3393,3419
3394,3420
3395,3421
3396,3422
3397,3423
3398,3424
3399,3425
3400,3426
3401,3427
3402,3428
3403,3429
3404,3430
3405,3431
3406,3432
3407,3433
3408,3434
3409,3435
3410,3436
3411,3437
3412,3438
3413,3439
3414,3440
3415,3441
3416,3442
3417,3443
3418,3444
3419,3445
3420,3446
3421,3447
3422,3448
3423,3449
3424,3450
3425,3451
3426,3452
3427,3453
3428,3454
3429,3455
3430,3456
3431,3457
3432,3458
3433,3459
3434,3460
3435,3461
3436,3462
3437,3463
3438,3464
3439,3465
3440,3466
3441,3467
3442,3468
3443,3469
3444,3470
3445,3471
3446,3472
3447,3473
3448,3474
3449,3475
3450,3476
3451,3477
3452,3478
3453,3479
3454,3480
3455,3481
3456,3482
3457,3483
3458,3484
3459,3485
3460,3486
3461,3487
3462,3488
3463,3489
3464,3490
3465,3491
3466,3492
3467,3493
3468,3494
3469,3495
3470,3496
3471,3497
3472,3498
3473,3499
3474,3500
3475,3501
3476,3502
3477,3503
3478,3504
3479,3505
3480,3506
3481,3507
3482,3508
3483,3509
3484,3510
3485,3511
3486,3512
3487,3513
3488,3514
3489,3515
3490,3516
3491,3517
3492,3518
3493,3519
3494,3520
3495,3521
3496,3522
3497,3523
3498,3524
3499,3525
3500,3526
3501,3527
3502,3528
3503,3529
3504,3530
3505,3531
3506,3532
3507,3533
3508,3534
3509,3535
3510,3536
3511,3537
3512,3538
3513,3539
3514,3540
3515,3541
3516,3542
3517,3543
3518,3544
3519,3545
3520,3546
3521,3547
3522,3548
3523,3549
3524,3550
3525,3551
3526,3552
3527,3553
3528,3554
3529,3555
3530,3556
3531,3557
3532,3558
3533,3559
3534,3560
3535,3561
3536,3562
3537,3563
3538,3564
3539,3565
3540,3566
3541,3567
3542,3568
3543,3569
3544,3570
3545,3571
3546,3572
3547,3573
3548,3574
3549,3575
3550,3576
3551,3577
3552,3578
3553,3579
3554,3580
3555,3581
3556,3582
3557,3583
3558,3584
3559,3585
3560,3586
3561,3587
3562,3588
3563,3589
3564,3590
3565,3591
3566,3592
3567,3593
3568,3594
3569,3595
3570,3596
3571,3597
3572,3598
3573,3599
3574,3600
3575,3601
3576,3602
3577,3603
3578,3604
3579,3605
3580,3606
3581,3607
3582,3608
3583,3609
3584,3610
3585,3611
3586,3612
3587,3613
3588,3614
3589,3615
3590,3617
3591,3618
3592,3619
3593,3620
3594,3621
3595,3622
3596,3623
3597,3624
3598,3625
3599,3626
3600,3627
3601,3628
3602,3629
3603,3630
3604,3631
3605,3632
3606,3633
3607,3634
3608,3635
3609,3636
3610,3637
3611,3638
3612,3639
3613,3640
3614,3641
3615,3642
3616,3643
3617,3644
3618,3645
3619,3646
3620,3647
3621,3648
3622,3649
3623,3650
3624,3651
3625,3652
3626,3653
3627,3654
3628,3655
3629,3656
3630,3657
3631,3658
3632,3659
3633,3661
3634,3662
3635,3663
3636,3664
3637,3665
3638,3666
3639,3667
3640,3668
3641,3669
3642,3670
3643,3671
3644,3672
3645,3673
3646,3674
3647,3675
3648,3676
3649,3677
3650,3678
3651,3679
3652,3680
3653,3681
3654,3682
3655,3683
3656,3684
3657,3685
3658,3686
3659,3687
3660,3688
3661,3689
3662,3690
3663,3691
3664,3692
3665,3693
3666,3694
3667,3695
3668,3696
3669,3697
3670,3698
3671,3699
3672,3700
3673,3701
3674,3702
3675,3703
3676,3704
3677,3705
3678,3706
3679,3707
3680,3708
3681,3709
3682,3710
3683,3711
3684,3712
3685,3713
3686,3714
3687,3715
3688,3716
3689,3717
3690,3718
3691,3719
3692,3720
3693,3721
3694,3722
3695,3723
3696,3724
3697,3725
3698,3726
3699,3727
3700,3728
3701,3729
3702,3730
3703,3731
3704,3732
3705,3733
3706,3734
3707,3735
3708,3736
3709,3737
3710,3738
3711,3739
3712,3740
3713,3741
3714,3742
3715,3743
3716,3744
3717,3745
3718,3746
3719,3747
3720,3748
3721,3749
3722,3750
3723,3751
3724,3752
3725,3753
3726,3754
3727,3755
3728,3756
3729,3757
3730,3758
3731,3759
3732,3760
3733,3761
3734,3762
3735,3763
3736,3764
3737,3765
3738,3766
3739,3767
3740,3768
3741,3769
3742,3770
3743,3771
3744,3772
3745,3773
3746,3774
3747,3775
3748,3776
3749,3777
3750,3778
3751,3779
3752,3780
3753,3781
3754,3783
3755,3784
3756,3785
3757,3786
3758,3787
3759,3788
3760,3789
3761,3790
3762,3791
3763,3792
3764,3793
3765,3794
3766,3795
3767,3796
3768,3797
3769,3798
3770,3799
3771,3800
3772,3801
3773,3802
3774,3803
3775,3804
3776,3805
3777,3806
3778,3807
3779,3808
3780,3809
3781,3810
3782,3811
3783,3812
3784,3813
3785,3814
3786,3815
3787,3816
3788,3817
3789,3818
3790,3819
3791,3820
3792,3821
3793,3822
3794,3823
3795,3824
3796,3825
3797,3826
3798,3827
3799,3828
3800,3829
3801,3830
3802,3831
3803,3832
3804,3833
3805,3834
3806,3835
3807,3836
3808,3837
3809,3838
3810,3839
3811,3840
3812,3841
3813,3842
3814,3843
3815,3844
3816,3845
3817,3846
3818,3847
3819,3848
3820,3849
3821,3850
3822,3851
3823,3852
3824,3853
3825,3854
3826,3855
3827,3856
3828,3857
3829,3858
3830,3859
3831,3860
3832,3861
3833,3862
3834,3863
3835,3864
3836,3865
3837,3866
3838,3867
3839,3868
3840,3869
3841,3870
3842,3871
3843,3872
3844,3873
3845,3874
3846,3875
3847,3876
3848,3877
3849,3878
3850,3879
3851,3880
3852,3881
3853,3882
3854,3883
3855,3884
3856,3885
3857,3886
3858,3887
3859,3888
3860,3889
3861,3890
3862,3891
3863,3892
3864,3893
3865,3894
3866,3895
3867,3896
3868,3897
3869,3898
3870,3899
3871,3900
3872,3901
3873,3902
3874,3903
3875,3904
3876,3905
3877,3906
3878,3907
3879,3908
3880,3909
3881,3910
3882,3911
3883,3912
3884,3913
3885,3914
3886,3915
3887,3916
3888,3917
3889,3918
3890,3919
3891,3920
3892,3921
3893,3922
3894,3923
3895,3924
3896,3925
3897,3926
3898,3927
3899,3928
3900,3929
3901,3930
3902,3931
3903,3932
3904,3933
3905,3934
3906,3935
3907,3936
3908,3937
3909,3938
3910,3939
3911,3940
3912,3941
3913,3943
3914,3944
3915,3945
3916,3946
3917,3947
3918,3948
3919,3949
3920,3950
3921,3951
3922,3952
3923,3953
3924,3954
3925,3955
3926,3956
3927,3957
3928,3958
3929,3959
3930,3960
3931,3961
3932,3962
3933,3963
3934,3964
3935,3965
3936,3966
3937,3967
3938,3969
3939,3970
3940,3971
3941,3972
3942,3973
3943,3974
3944,3975
3945,3976
3946,3977
3947,3978
3948,3979
3949,3980
3950,3981
3951,3982
3952,3983
3953,3984
3954,3985
3955,3986
3956,3987
3957,3988
3958,3989
3959,3990
3960,3991
3961,3992
3962,3993
3963,3994
3964,3995
3965,3996
3966,3997
3967,3998
3968,3999
3969,4000
3970,4001
3971,4002
3972,4003
3973,4004
3974,4005
3975,4006
3976,4007
3977,4008
3978,4009
3979,4010
3980,4011
3981,4012
3982,4013
3983,4014
3984,4015
3985,4016
3986,4017
3987,4018
3988,4019
3989,4020
3990,4021
3991,4022
3992,4023
3993,4024
3994,4025
3995,4026
3996,4027
3997,4028
3998,4029
3999,4030
4000,4031
4001,4032
4002,4033
4003,4034
4004,4035
4005,4036
4006,4037
4007,4038
4008,4039
4009,4040
4010,4041
4011,4042
4012,4043
4013,4044
4014,4045
4015,4046
4016,4047
4017,4048
4018,4049
4019,4050
4020,4051
4021,4052
4022,4053
4023,4054
4024,4055
4025,4056
4026,4057
4027,4058
4028,4059
4029,4060
4030,4061
4031,4062
4032,4063
4033,4064
4034,4065
4035,4066
4036,4067
4037,4068
4038,4069
4039,4070
4040,4071
4041,4072
4042,4073
4043,4074
4044,4075
4045,4076
4046,4077
4047,4078
4048,4079
4049,4080
4050,4081
4051,4082
4052,4083
4053,4084
4054,4085
4055,4086
4056,4087
4057,4088
4058,4089
4059,4090
4060,4091
4061,4092
4062,4093
4063,4094
4064,4095
4065,4096
4066,4097
4067,4098
4068,4099
4069,4100
4070,4101
4071,4102
4072,4103
4073,4104
4074,4105
4075,4106
4076,4107
4077,4108
4078,4109
4079,4110
4080,4111
4081,4112
4082,4113
4083,4114
4084,4115
4085,4116
4086,4117
4087,4118
4088,4119
4089,4120
4090,4121
4091,4122
4092,4123
4093,4124
4094,4125
4095,4126
4096,4127
4097,4128
4098,4129
4099,4130
4100,4131
4101,4132
4102,4133
4103,4134
4104,4135
4105,4136
4106,4137
4107,4138
4108,4139
4109,4140
4110,4141
4111,4142
4112,4143
4113,4144
4114,4145
4115,4146
4116,4147
4117,4148
4118,4149
4119,4150
4120,4151
4121,4152
4122,4153
4123,4154
4124,4155
4125,4156
4126,4157
4127,4158
4128,4159
4129,4160
4130,4161
4131,4162
4132,4163
4133,4164
4134,4165
4135,4166
4136,4167
4137,4168
4138,4169
4139,4170
4140,4171
4141,4172
4142,4173
4143,4174
4144,4175
4145,4176
4146,4177
4147,4178
4148,4179
4149,4180
4150,4181
4151,4182
4152,4183
4153,4184
4154,4185
4155,4186
4156,4187
4157,4188
4158,4189
4159,4190
4160,4191
4161,4192
4162,4193
4163,4194
4164,4195
4165,4196
4166,4197
4167,4198
4168,4199
4169,4200
4170,4201
4171,4202
4172,4203
4173,4204
4174,4205
4175,4206
4176,4207
4177,4208
4178,4209
4179,4210
4180,4211
4181,4212
4182,4213
4183,4214
4184,4215
4185,4216
4186,4217
4187,4218
4188,4219
4189,4220
4190,4221
4191,4222
4192,4223
4193,4224
4194,4225
4195,4226
4196,4227
4197,4228
4198,4229
4199,4230
4200,4231
4201,4232
4202,4234
4203,4235
4204,4236
4205,4237
4206,4238
4207,4239
4208,4240
4209,4241
4210,4242
4211,4243
4212,4244
4213,4245
4214,4246
4215,4247
4216,4248
4217,4249
4218,4250
4219,4251
4220,4252
4221,4253
4222,4254
4223,4256
4224,4257
4225,4258
4226,4259
4227,4260
4228,4261
4229,4263
4230,4264
4231,4265
4232,4266
4233,4267
4234,4268
4235,4269
4236,4270
4237,4271
4238,4272
4239,4273
4240,4274
4241,4275
4242,4276
4243,4277
4244,4278
4245,4279
4246,4280
4247,4281
4248,4282
4249,4283
4250,4284
4251,4285
4252,4286
4253,4287
4254,4288
4255,4289
4256,4290
4257,4291
4258,4292
4259,4293
4260,4294
4261,4295
4262,4296
4263,4297
4264,4298
4265,4299
4266,4300
4267,4301
4268,4302
4269,4303
4270,4304
4271,4305
4272,4306
4273,4307
4274,4308
4275,4309
4276,4310
4277,4311
4278,4312
4279,4313
4280,4314
4281,4315
4282,4316
4283,4317
4284,4318
4285,4319
4286,4320
4287,4321
4288,4322
4289,4323
4290,4324
4291,4325
4292,4326
4293,4327
4294,4328
4295,4329
4296,4330
4297,4331
4298,4332
4299,4333
4300,4334
4301,4335
4302,4336
4303,4337
4304,4338
4305,4339
4306,4340
4307,4341
4308,4342
4309,4343
4310,4344
4311,4345
4312,4346
4313,4347
4314,4348
4315,4349
4316,4350
4317,4351
4318,4352
4319,4353
4320,4354
4321,4355
4322,4356
4323,4357
4324,4358
4325,4359
4326,4360
4327,4361
4328,4362
4329,4363
4330,4364
4331,4365
4332,4366
4333,4367
4334,4368
4335,4369
4336,4370
4337,4371
4338,4372
4339,4373
4340,4374
4341,4375
4342,4376
4343,4377
4344,4378
4345,4379
4346,4380
4347,4381
4348,4382
4349,4383
4350,4384
4351,4385
4352,4386
4353,4387
4354,4388
4355,4389
4356,4390
4357,4391
4358,4392
4359,4393
4360,4394
4361,4395
4362,4396
4363,4397
4364,4398
4365,4399
4366,4400
4367,4401
4368,4402
4369,4403
4370,4404
4371,4405
4372,4406
4373,4407
4374,4408
4375,4409
4376,4410
4377,4411
4378,4412
4379,4413
4380,4414
4381,4415
4382,4416
4383,4417
4384,4418
4385,4419
4386,4420
4387,4421
4388,4422
4389,4423
4390,4424
4391,4425
4392,4426
4393,4427
4394,4428
4395,4429
4396,4430
4397,4431
4398,4432
4399,4433
4400,4434
4401,4435
4402,4436
4403,4437
4404,4438
4405,4439
4406,4440
4407,4441
4408,4442
4409,4443
4410,4444
4411,4445
4412,4446
4413,4447
4414,4448
4415,4449
4416,4450
4417,4451
4418,4452
4419,4453
4420,4454
4421,4455
4422,4456
4423,4457
4424,4458
4425,4459
4426,4460
4427,4461
4428,4462
4429,4463
4430,4464
4431,4465
4432,4466
4433,4467
4434,4468
4435,4469
4436,4470
4437,4471
4438,4472
4439,4473
4440,4474
4441,4475
4442,4476
4443,4477
4444,4478
4445,4479
4446,4480
4447,4481
4448,4482
4449,4483
4450,4484
4451,4485
4452,4486
4453,4487
4454,4488
4455,4489
4456,4490
4457,4491
4458,4492
4459,4493
4460,4494
4461,4495
4462,4496
4463,4497
4464,4498
4465,4499
4466,4500
4467,4501
4468,4502
4469,4503
4470,4504
4471,4505
4472,4506
4473,4507
4474,4508
4475,4509
4476,4510
4477,4511
4478,4512
4479,4513
4480,4514
4481,4515
4482,4516
4483,4517
4484,4518
4485,4519
4486,4520
4487,4521
4488,4522
4489,4523
4490,4524
4491,4525
4492,4526
4493,4527
4494,4528
4495,4529
4496,4530
4497,4531
4498,4532
4499,4533
4500,4534
4501,4535
4502,4536
4503,4537
4504,4538
4505,4539
4506,4540
4507,4541
4508,4542
4509,4543
4510,4544
4511,4545
4512,4546
4513,4547
4514,4548
4515,4549
4516,4550
4517,4551
4518,4552
4519,4553
4520,4554
4521,4555
4522,4556
4523,4557
4524,4558
4525,4559
4526,4560
4527,4561
4528,4562
4529,4563
4530,4564
4531,4565
4532,4566
4533,4567
4534,4568
4535,4569
4536,4570
4537,4571
4538,4572
4539,4573
4540,4574
4541,4575
4542,4576
4543,4577
4544,4578
4545,4579
4546,4580
4547,4581
4548,4582
4549,4583
4550,4584
4551,4585
4552,4586
4553,4587
4554,4588
4555,4589
4556,4590
4557,4591
4558,4592
4559,4593
4560,4594
4561,4595
4562,4596
4563,4597
4564,4598
4565,4599
4566,4600
4567,4601
4568,4602
4569,4603
4570,4604
4571,4605
4572,4606
4573,4607
4574,4608
4575,4609
4576,4610
4577,4611
4578,4612
4579,4613
4580,4614
4581,4615
4582,4616
4583,4617
4584,4618
4585,4619
4586,4620
4587,4621
4588,4622
4589,4624
4590,4625
4591,4626
4592,4627
4593,4628
4594,4629
4595,4630
4596,4631
4597,4632
4598,4633
4599,4634
4600,4635
4601,4636
4602,4637
4603,4638
4604,4639
4605,4640
4606,4641
4607,4642
4608,4643
4609,4644
4610,4645
4611,4646
4612,4647
4613,4648
4614,4649
4615,4650
4616,4651
4617,4652
4618,4653
4619,4654
4620,4655
4621,4656
4622,4657
4623,4658
4624,4659
4625,4660
4626,4661
4627,4662
4628,4663
4629,4664
4630,4665
4631,4666
4632,4667
4633,4668
4634,4669
4635,4670
4636,4671
4637,4672
4638,4673
4639,4674
4640,4675
4641,4676
4642,4677
4643,4678
4644,4679
4645,4680
4646,4681
4647,4682
4648,4683
4649,4684
4650,4685
4651,4686
4652,4687
4653,4688
4654,4689
4655,4690
4656,4691
4657,4692
4658,4693
4659,4694
4660,4695
4661,4696
4662,4697
4663,4698
4664,4699
4665,4700
4666,4702
4667,4703
4668,4704
4669,4705
4670,4706
4671,4707
4672,4709
4673,4710
4674,4711
4675,4712
4676,4713
4677,4714
4678,4715
4679,4716
4680,4717
4681,4718
4682,4719
4683,4720
4684,4721
4685,4722
4686,4723
4687,4724
4688,4725
4689,4726
4690,4727
4691,4728
4692,4729
4693,4730
4694,4731
4695,4732
4696,4733
4697,4734
4698,4735
4699,4736
4700,4737
4701,4738
4702,4739
4703,4740
4704,4741
4705,4742
4706,4743
4707,4744
4708,4745
4709,4746
4710,4747
4711,4748
4712,4749
4713,4750
4714,4751
4715,4752
4716,4753
4717,4754
4718,4755
4719,4756
4720,4757
4721,4758
4722,4759
4723,4760
4724,4761
4725,4762
4726,4763
4727,4764
4728,4765
4729,4766
4730,4767
4731,4768
4732,4769
4733,4770
4734,4771
4735,4772
4736,4773
4737,4774
4738,4775
4739,4776
4740,4777
4741,4778
4742,4779
4743,4780
4744,4781
4745,4782
4746,4783
4747,4784
4748,4785
4749,4786
4750,4787
4751,4788
4752,4789
4753,4790
4754,4791
4755,4792
4756,4793
4757,4794
4758,4795
4759,4796
4760,4797
4761,4798
4762,4799
4763,4800
4764,4801
4765,4802
4766,4803
4767,4804
4768,4805
4769,4806
4770,4807
4771,4808
4772,4810
4773,4811
4774,4812
4775,4813
4776,4814
4777,4815
4778,4816
4779,4817
4780,4818
4781,4819
4782,4820
4783,4821
4784,4822
4785,4823
4786,4824
4787,4825
4788,4826
4789,4827
4790,4828
4791,4829
4792,4830
4793,4831
4794,4832
4795,4833
4796,4834
4797,4835
4798,4836
4799,4837
4800,4838
4801,4839
4802,4840
4803,4841
4804,4842
4805,4843
4806,4844
4807,4845
4808,4846
4809,4847
4810,4848
4811,4849
4812,4850
4813,4852
4814,4853
4815,4854
4816,4855
4817,4856
4818,4858
4819,4859
4820,4860
4821,4861
4822,4862
4823,4863
4824,4864
4825,4865
4826,4866
4827,4867
4828,4868
4829,4869
4830,4870
4831,4871
4832,4872
4833,4873
4834,4874
4835,4875
4836,4876
4837,4877
4838,4878
4839,4879
4840,4880
4841,4881
4842,4882
4843,4883
4844,4884
4845,4885
4846,4886
4847,4887
4848,4888
4849,4889
4850,4890
4851,4891
4852,4892
4853,4893
4854,4894
4855,4895
4856,4896
4857,4897
4858,4898
4859,4899
4860,4900
4861,4902
4862,4903
4863,4904
4864,4905
4865,4906
4866,4907
4867,4908
4868,4909
4869,4910
4870,4911
4871,4912
4872,4913
4873,4914
4874,4915
4875,4916
4876,4917
4877,4918
4878,4919
4879,4920
4880,4921
4881,4922
4882,4923
4883,4924
4884,4925
4885,4926
4886,4927
4887,4928
4888,4929
4889,4930
4890,4931
4891,4932
4892,4933
4893,4934
4894,4935
4895,4936
4896,4937
4897,4938
4898,4939
4899,4940
4900,4941
4901,4942
4902,4943
4903,4944
4904,4945
4905,4946
4906,4947
4907,4948
4908,4949
4909,4950
4910,4951
4911,4952
4912,4953
4913,4954
4914,4955
4915,4956
4916,4957
4917,4958
4918,4959
4919,4960
4920,4961
4921,4962
4922,4963
4923,4964
4924,4965
4925,4966
4926,4967
4927,4968
4928,4969
4929,4971
4930,4972
4931,4973
4932,4974
4933,4975
4934,4976
4935,4977
4936,4978
4937,4979
4938,4980
4939,4981
4940,4982
4941,4983
4942,4984
4943,4985
4944,4986
4945,4987
4946,4988
4947,4989
4948,4990
4949,4991
4950,4992
4951,4993
4952,4994
4953,4995
4954,4996
4955,4997
4956,4998
4957,4999
4958,5000
4959,5001
4960,5002
4961,5003
4962,5004
4963,5005
4964,5006
4965,5007
4966,5008
4967,5009
4968,5010
4969,5011
4970,5012
4971,5013
4972,5014
4973,5015
4974,5016
4975,5017
4976,5018
4977,5019
4978,5021
4979,5022
4980,5023
4981,5024
4982,5025
4983,5026
4984,5027
4985,5028
4986,5029
4987,5030
4988,5031
4989,5032
4990,5033
4991,5034
4992,5035
4993,5036
4994,5037
4995,5038
4996,5039
4997,5040
4998,5041
4999,5042
5000,5043
5001,5044
5002,5045
5003,5046
5004,5047
5005,5048
5006,5049
5007,5050
5008,5051
5009,5052
5010,5053
5011,5054
5012,5055
5013,5056
5014,5057
5015,5058
5016,5059
5017,5060
5018,5061
5019,5062
5020,5063
5021,5064
5022,5065
5023,5066
5024,5067
5025,5068
5026,5069
5027,5070
5028,5071
5029,5072
5030,5073
5031,5074
5032,5075
5033,5076
5034,5077
5035,5078
5036,5079
5037,5080
5038,5082
5039,5083
5040,5084
5041,5085
5042,5086
5043,5087
5044,5088
5045,5089
5046,5090
5047,5091
5048,5092
5049,5093
5050,5094
5051,5095
5052,5096
5053,5097
5054,5098
5055,5099
5056,5100
5057,5101
5058,5102
5059,5103
5060,5104
5061,5105
5062,5106
5063,5107
5064,5108
5065,5109
5066,5110
5067,5111
5068,5112
5069,5113
5070,5114
5071,5115
5072,5116
5073,5117
5074,5118
5075,5119
5076,5120
5077,5121
5078,5122
5079,5123
5080,5124
5081,5125
5082,5126
5083,5127
5084,5128
5085,5129
5086,5130
5087,5131
5088,5132
5089,5133
5090,5134
5091,5135
5092,5136
5093,5137
5094,5138
5095,5139
5096,5140
5097,5141
5098,5142
5099,5143
5100,5144
5101,5145
5102,5146
5103,5147
5104,5148
5105,5149
5106,5150
5107,5151
5108,5152
5109,5153
5110,5154
5111,5155
5112,5156
5113,5157
5114,5158
5115,5159
5116,5160
5117,5161
5118,5162
5119,5163
5120,5164
5121,5165
5122,5166
5123,5167
5124,5169
5125,5170
5126,5171
5127,5172
5128,5173
5129,5174
5130,5175
5131,5176
5132,5177
5133,5178
5134,5179
5135,5180
5136,5181
5137,5182
5138,5183
5139,5184
5140,5185
5141,5186
5142,5187
5143,5188
5144,5189
5145,5190
5146,5191
5147,5192
5148,5193
5149,5194
5150,5195
5151,5196
5152,5197
5153,5198
5154,5200
5155,5201
5156,5202
5157,5203
5158,5204
5159,5205
5160,5206
5161,5207
5162,5208
5163,5209
5164,5210
5165,5211
5166,5212
5167,5213
5168,5214
5169,5215
5170,5216
5171,5217
5172,5218
5173,5219
5174,5220
5175,5221
5176,5222
5177,5223
5178,5224
5179,5225
5180,5226
5181,5227
5182,5228
5183,5229
5184,5230
5185,5231
5186,5232
5187,5233
5188,5234
5189,5235
5190,5236
5191,5237
5192,5238
5193,5239
5194,5240
5195,5241
5196,5242
5197,5243
5198,5244
5199,5245
5200,5246
5201,5247
5202,5248
5203,5249
5204,5250
5205,5251
5206,5252
5207,5253
5208,5254
5209,5255
5210,5256
5211,5257
5212,5258
5213,5259
5214,5260
5215,5261
5216,5262
5217,5263
5218,5264
5219,5265
5220,5266
5221,5267
5222,5268
5223,5269
5224,5270
5225,5271
5226,5272
5227,5273
5228,5274
5229,5275
5230,5276
5231,5277
5232,5278
5233,5279
5234,5280
5235,5281
5236,5282
5237,5283
5238,5284
5239,5285
5240,5286
5241,5287
5242,5288
5243,5289
5244,5290
5245,5291
5246,5292
5247,5293
5248,5294
5249,5295
5250,5296
5251,5297
5252,5298
5253,5299
5254,5300
5255,5301
5256,5302
5257,5303
5258,5304
5259,5305
5260,5306
5261,5307
5262,5308
5263,5309
5264,5310
5265,5311
5266,5312
5267,5313
5268,5314
5269,5315
5270,5316
5271,5317
5272,5318
5273,5319
5274,5320
5275,5321
5276,5322
5277,5323
5278,5324
5279,5325
5280,5326
5281,5327
5282,5328
5283,5329
5284,5330
5285,5331
5286,5332
5287,5333
5288,5334
5289,5335
5290,5336
5291,5337
5292,5338
5293,5339
5294,5340
5295,5341
5296,5342
5297,5343
5298,5344
5299,5345
5300,5346
5301,5347
5302,5348
5303,5349
5304,5350
5305,5351
5306,5352
5307,5353
5308,5354
5309,5355
5310,5356
5311,5357
5312,5358
5313,5359
5314,5360
5315,5361
5316,5362
5317,5363
5318,5364
5319,5365
5320,5366
5321,5367
5322,5368
5323,5369
5324,5370
5325,5371
5326,5372
5327,5373
5328,5374
5329,5375
5330,5376
5331,5377
5332,5378
5333,5379
5334,5380
5335,5381
5336,5382
5337,5383
5338,5384
5339,5385
5340,5386
5341,5387
5342,5388
5343,5389
5344,5390
5345,5391
5346,5392
5347,5393
5348,5394
5349,5395
5350,5396
5351,5397
5352,5398
5353,5399
5354,5400
5355,5401
5356,5402
5357,5403
5358,5404
5359,5405
5360,5406
5361,5407
5362,5408
5363,5409
5364,5410
5365,5411
5366,5412
5367,5413
5368,5414
5369,5415
5370,5416
5371,5417
5372,5418
5373,5419
5374,5420
5375,5421
5376,5422
5377,5423
5378,5424
5379,5425
5380,5426
5381,5427
5382,5428
5383,5429
5384,5430
5385,5431
5386,5432
5387,5433
5388,5434
5389,5435
5390,5436
5391,5437
5392,5438
5393,5439
5394,5440
5395,5441
5396,5442
5397,5443
5398,5444
5399,5445
5400,5446
5401,5447
5402,5448
5403,5449
5404,5450
5405,5451
5406,5452
5407,5453
5408,5454
5409,5455
5410,5456
5411,5457
5412,5458
5413,5459
5414,5460
5415,5461
5416,5462
5417,5463
5418,5464
5419,5465
5420,5466
5421,5467
5422,5468
5423,5469
5424,5470
5425,5472
5426,5473
5427,5474
5428,5475
5429,5476
5430,5477
5431,5478
5432,5479
5433,5480
5434,5481
5435,5482
5436,5483
5437,5484
5438,5485
5439,5486
5440,5487
5441,5488
5442,5489
5443,5490
5444,5491
5445,5492
5446,5493
5447,5494
5448,5495
5449,5496
5450,5497
5451,5498
5452,5499
5453,5500
5454,5501
5455,5502
5456,5503
5457,5504
5458,5505
5459,5506
5460,5507
5461,5508
5462,5509
5463,5510
5464,5511
5465,5512
5466,5513
5467,5514
5468,5515
5469,5516
5470,5517
5471,5518
5472,5519
5473,5520
5474,5521
5475,5522
5476,5523
5477,5524
5478,5525
5479,5526
5480,5527
5481,5528
5482,5529
5483,5530
5484,5531
5485,5532
5486,5533
5487,5534
5488,5535
5489,5536
5490,5537
5491,5538
5492,5539
5493,5540
5494,5541
5495,5542
5496,5543
5497,5544
5498,5545
5499,5546
5500,5548
5501,5549
5502,5550
5503,5551
5504,5552
5505,5553
5506,5554
5507,5555
5508,5556
5509,5557
5510,5558
5511,5559
5512,5560
5513,5561
5514,5562
5515,5563
5516,5564
5517,5565
5518,5566
5519,5567
5520,5568
5521,5569
5522,5570
5523,5571
5524,5572
5525,5573
5526,5574
5527,5575
5528,5576
5529,5577
5530,5578
5531,5579
5532,5580
5533,5581
5534,5582
5535,5583
5536,5584
5537,5585
5538,5586
5539,5587
5540,5588
5541,5589
5542,5590
5543,5591
5544,5592
5545,5593
5546,5594
5547,5595
5548,5596
5549,5597
5550,5598
5551,5599
5552,5600
5553,5601
5554,5602
5555,5603
5556,5604
5557,5605
5558,5606
5559,5608
5560,5609
5561,5610
5562,5611
5563,5612
5564,5613
5565,5614
5566,5615
5567,5616
5568,5617
5569,5618
5570,5619
5571,5620
5572,5621
5573,5622
5574,5623
5575,5624
5576,5625
5577,5626
5578,5627
5579,5628
5580,5629
5581,5630
5582,5631
5583,5632
5584,5633
5585,5634
5586,5635
5587,5636
5588,5637
5589,5638
5590,5639
5591,5640
5592,5641
5593,5642
5594,5643
5595,5644
5596,5645
5597,5646
5598,5647
5599,5648
5600,5649
5601,5650
5602,5651
5603,5652
5604,5653
5605,5654
5606,5655
5607,5656
5608,5658
5609,5659
5610,5660
5611,5661
5612,5662
5613,5663
5614,5664
5615,5665
5616,5666
5617,5667
5618,5668
5619,5669
5620,5670
5621,5671
5622,5672
5623,5673
5624,5674
5625,5675
5626,5676
5627,5677
5628,5678
5629,5679
5630,5680
5631,5681
5632,5682
5633,5683
5634,5684
5635,5685
5636,5686
5637,5687
5638,5688
5639,5689
5640,5690
5641,5691
5642,5692
5643,5693
5644,5694
5645,5695
5646,5696
5647,5697
5648,5698
5649,5699
5650,5700
5651,5701
5652,5702
5653,5703
5654,5704
5655,5705
5656,5706
5657,5707
5658,5708
5659,5709
5660,5710
5661,5711
5662,5712
5663,5713
5664,5714
5665,5715
5666,5716
5667,5717
5668,5718
5669,5719
5670,5720
5671,5721
5672,5722
5673,5723
5674,5724
5675,5725
5676,5726
5677,5727
5678,5728
5679,5729
5680,5730
5681,5731
5682,5732
5683,5733
5684,5734
5685,5735
5686,5736
5687,5737
5688,5738
5689,5739
5690,5740
5691,5741
5692,5742
5693,5743
5694,5744
5695,5745
5696,5746
5697,5747
5698,5748
5699,5749
5700,5750
5701,5751
5702,5752
5703,5753
5704,5754
5705,5755
5706,5756
5707,5757
5708,5758
5709,5759
5710,5760
5711,5761
5712,5762
5713,5764
5714,5765
5715,5766
5716,5767
5717,5768
5718,5769
5719,5770
5720,5771
5721,5772
5722,5773
5723,5774
5724,5775
5725,5776
5726,5777
5727,5778
5728,5779
5729,5780
5730,5781
5731,5782
5732,5783
5733,5784
5734,5785
5735,5786
5736,5787
5737,5788
5738,5789
5739,5790
5740,5791
5741,5793
5742,5794
5743,5795
5744,5796
5745,5797
5746,5798
5747,5799
5748,5800
5749,5801
5750,5802
5751,5803
5752,5804
5753,5805
5754,5806
5755,5807
5756,5808
5757,5809
5758,5810
5759,5811
5760,5812
5761,5813
5762,5814
5763,5815
5764,5816
5765,5817
5766,5818
5767,5819
5768,5820
5769,5821
5770,5822
5771,5823
5772,5824
5773,5825
5774,5826
5775,5827
5776,5828
5777,5829
5778,5830
5779,5831
5780,5832
5781,5833
5782,5834
5783,5835
5784,5836
5785,5837
5786,5838
5787,5839
5788,5840
5789,5841
5790,5842
5791,5843
5792,5844
5793,5845
5794,5846
5795,5847
5796,5848
5797,5849
5798,5850
5799,5851
5800,5852
5801,5853
5802,5854
5803,5855
5804,5856
5805,5857
5806,5858
5807,5859
5808,5860
5809,5861
5810,5862
5811,5863
5812,5864
5813,5865
5814,5866
5815,5867
5816,5868
5817,5869
5818,5870
5819,5872
5820,5873
5821,5874
5822,5875
5823,5876
5824,5877
5825,5878
5826,5879
5827,5880
5828,5881
5829,5882
5830,5883
5831,5884
5832,5885
5833,5886
5834,5887
5835,5888
5836,5889
5837,5891
5838,5892
5839,5893
5840,5894
5841,5895
5842,5896
5843,5897
5844,5898
5845,5899
5846,5900
5847,5901
5848,5902
5849,5903
5850,5904
5851,5905
5852,5906
5853,5907
5854,5908
5855,5909
5856,5910
5857,5911
5858,5912
5859,5913
5860,5914
5861,5915
5862,5916
5863,5917
5864,5918
5865,5919
5866,5920
5867,5921
5868,5922
5869,5923
5870,5924
5871,5925
5872,5926
5873,5927
5874,5928
5875,5929
5876,5930
5877,5931
5878,5932
5879,5933
5880,5934
5881,5935
5882,5936
5883,5937
5884,5938
5885,5939
5886,5940
5887,5941
5888,5942
5889,5944
5890,5945
5891,5946
5892,5947
5893,5948
5894,5949
5895,5950
5896,5951
5897,5952
5898,5953
5899,5954
5900,5955
5901,5956
5902,5957
5903,5958
5904,5959
5905,5960
5906,5961
5907,5962
5908,5963
5909,5964
5910,5965
5911,5966
5912,5967
5913,5968
5914,5969
5915,5970
5916,5971
5917,5972
5918,5973
5919,5974
5920,5975
5921,5976
5922,5977
5923,5978
5924,5979
5925,5980
5926,5981
5927,5982
5928,5983
5929,5984
5930,5985
5931,5986
5932,5987
5933,5988
5934,5989
5935,5990
5936,5991
5937,5992
5938,5993
5939,5994
5940,5995
5941,5996
5942,5997
5943,5998
5944,5999
5945,6000
5946,6001
5947,6002
5948,6003
5949,6004
5950,6005
5951,6006
5952,6007
5953,6008
5954,6009
5955,6010
5956,6011
5957,6012
5958,6013
5959,6014
5960,6015
5961,6016
5962,6017
5963,6018
5964,6019
5965,6020
5966,6021
5967,6022
5968,6023
5969,6024
5970,6025
5971,6026
5972,6027
5973,6028
5974,6029
5975,6030
5976,6031
5977,6032
5978,6033
5979,6034
5980,6035
5981,6036
5982,6037
5983,6038
5984,6039
5985,6040
5986,6041
5987,6042
5988,6043
5989,6044
5990,6045
5991,6046
5992,6047
5993,6048
5994,6049
5995,6050
5996,6051
5997,6052
5998,6053
5999,6054
6000,6055
6001,6056
6002,6057
6003,6058
6004,6059
6005,6060
6006,6061
6007,6062
6008,6063
6009,6064
6010,6065
6011,6066
6012,6067
6013,6068
6014,6069
6015,6070
6016,6072
6017,6073
6018,6074
6019,6075
6020,6076
6021,6077
6022,6078
6023,6079
6024,6080
6025,6081
6026,6082
6027,6083
6028,6084
6029,6085
6030,6086
6031,6087
6032,6088
6033,6089
6034,6090
6035,6091
6036,6092
6037,6093
6038,6094
6039,6095
6040,6096
6041,6097
6042,6098
6043,6099
6044,6100
6045,6101
6046,6102
6047,6103
6048,6104
6049,6105
6050,6106
6051,6107
6052,6108
6053,6109
6054,6110
6055,6111
6056,6112
6057,6113
6058,6114
6059,6115
6060,6116
6061,6117
6062,6118
6063,6119
6064,6120
6065,6121
6066,6122
6067,6123
6068,6124
6069,6125
6070,6126
6071,6127
6072,6128
6073,6129
6074,6130
6075,6131
6076,6132
6077,6133
6078,6134
6079,6135
6080,6136
6081,6137
6082,6138
6083,6139
6084,6140
6085,6141
6086,6142
6087,6143
6088,6144
6089,6145
6090,6146
6091,6147
6092,6148
6093,6149
6094,6150
6095,6151
6096,6152
6097,6153
6098,6154
6099,6155
6100,6156
6101,6157
6102,6158
6103,6159
6104,6160
6105,6161
6106,6162
6107,6163
6108,6164
6109,6165
6110,6166
6111,6167
6112,6168
6113,6169
6114,6170
6115,6171
6116,6172
6117,6173
6118,6174
6119,6175
6120,6176
6121,6177
6122,6178
6123,6179
6124,6180
6125,6181
6126,6183
6127,6184
6128,6185
6129,6186
6130,6187
6131,6188
6132,6189
6133,6190
6134,6191
6135,6192
6136,6193
6137,6194
6138,6195
6139,6196
6140,6197
6141,6198
6142,6199
6143,6201
6144,6202
6145,6203
6146,6204
6147,6205
6148,6206
6149,6207
6150,6208
6151,6209
6152,6210
6153,6211
6154,6212
6155,6213
6156,6214
6157,6215
6158,6216
6159,6217
6160,6218
6161,6219
6162,6220
6163,6221
6164,6222
6165,6223
6166,6224
6167,6225
6168,6226
6169,6227
6170,6228
6171,6229
6172,6230
6173,6231
6174,6232
6175,6233
6176,6234
6177,6235
6178,6236
6179,6237
6180,6238
6181,6239
6182,6240
6183,6241
6184,6242
6185,6243
6186,6244
6187,6245
6188,6246
6189,6247
6190,6248
6191,6249
6192,6250
6193,6252
6194,6253
6195,6254
6196,6255
6197,6256
6198,6257
6199,6258
6200,6259
6201,6260
6202,6261
6203,6262
6204,6263
6205,6264
6206,6265
6207,6266
6208,6267
6209,6268
6210,6269
6211,6270
6212,6271
6213,6272
6214,6273
6215,6274
6216,6276
6217,6277
6218,6278
6219,6279
6220,6290
6221,6300
6222,6330
6223,6340
6224,6426
6225,6429
6226,6430
6227,6431
6228,6433
6229,6441
6230,6444
6231,6453
6232,6454
6233,6456
6234,6465
6235,6466
6236,6472
6237,6482
6238,6490
6239,6491
6240,6493
6241,6501
6242,6507
6243,6508
6244,6509
6245,6519
6246,6521
6247,6522
6248,6534
6249,6535
6250,6547
6251,6552
6252,6553
6253,6559
6254,6560
6255,6582
6256,6583
6257,6584
6258,6586
6259,6587
6260,6588
6261,6598
6262,6607
6263,6608
6264,6609
6265,6610
6266,6611
6267,6617
6268,6623
6269,6624
6270,6637
6271,6641
6272,6642
6273,6651
6274,6658
6275,6668
6276,6680
6277,6683
6278,6694
6279,6700
6280,6705
6281,6708
6282,6709
6283,6727
6284,6729
6285,6733
6286,6734
6287,6794
6288,6802
6289,6810
6290,6821
6291,6823
6292,6824
6293,6829
6294,6831
6295,6842
6296,6856
6297,6864
6298,6865
6299,6879
6300,6883
6301,6884
6302,6895
6303,6898
6304,6918
6305,6919
6306,6922
6307,6937
6308,6938
6309,6944
6310,6945
6311,6946
6312,6955
6313,6957
6314,6975
6315,6985
6316,6995
6317,7009
6318,7013
6319,7028
6320,7029
6321,7048
6322,7050
6323,7066
6324,7074
6325,7076
6326,7077
6327,7078
6328,7087
6329,7090
6330,7094
6331,7095
6332,7114
6333,7125
6334,7147
6335,7149
6336,7160
6337,7171
6338,7174
6339,7190
6340,7191
6341,7200
6342,7201
6343,7211
6344,7214
6345,7215
6346,7220
6347,7221
6348,7226
6349,7228
6350,7231
6351,7233
6352,7235
6353,7251
6354,7261
6355,7264
6356,7265
6357,7273
6358,7283
6359,7299
6360,7305
6361,7313
6362,7314
6363,7322
6364,7343
6365,7351
6366,7358
6367,7375
6368,7381
6369,7387
6370,7388
6371,7398
6372,7400
6373,7403
6374,7411
6375,7427
6376,7429
6377,7430
6378,7431
6379,7441
6380,7451
6381,7459
6382,7475
6383,7484
6384,7488
6385,7494
6386,7508
6387,7519
6388,7530
6389,7557
6390,7568
6391,7575
6392,7576
6393,7583
6394,7592
6395,7593
6396,7603
6397,7606
6398,7617
6399,7621
6400,7629
6401,7636
6402,7649
6403,7667
6404,7669
6405,7674
6406,7683
6407,7688
6408,7696
6409,7698
6410,7707
6411,7713
6412,7715
6413,7716
6414,7718
6415,7719
6416,7726
6417,7727
6418,7728
6419,7735
6420,7743
6421,7744
6422,7764
6423,7769
6424,7776
6425,7780
6426,7790
6427,7803
6428,7804
6429,7822
6430,7823
6431,7862
6432,7866
6433,7884
6434,7898
6435,7921
6436,7937
6437,7943
6438,7952
6439,7968
6440,7970
6441,7976
6442,7992
6443,8003
6444,8016
6445,8043
6446,8044
6447,8050
6448,8053
6449,8064
6450,8074
6451,8087
6452,8100
6453,8106
6454,8128
6455,8129
6456,8130
6457,8155
6458,8157
6459,8162
6460,8178
6461,8181
6462,8212
6463,8222
6464,8226
6465,8228
6466,8237
6467,8245
6468,8246
6469,8250
6470,8251
6471,8278
6472,8285
6473,8305
6474,8322
6475,8338
6476,8352
6477,8389
6478,8390
6479,8393
6480,8402
6481,8422
6482,8435
6483,8436
6484,8457
6485,8458
6486,8462
6487,8469
6488,8478
6489,8485
6490,8486
6491,8495
6492,8503
6493,8504
6494,8519
6495,8525
6496,8529
6497,8532
6498,8533
6499,8534
6500,8549
6501,8550
6502,8551
6503,8563
6504,8564
6505,8566
6506,8567
6507,8568
6508,8581
6509,8596
6510,8612
6511,8640
6512,8642
6513,8648
6514,8649
6515,8699
6516,8709
6517,8717
6518,8722
6519,8724
6520,8740
6521,8741
6522,8772
6523,8774
6524,8775
6525,8776
6526,8787
6527,8815
6528,8832
6529,8833
6530,8842
6531,8850
6532,8851
6533,8859
6534,8862
6535,8865
6536,8877
6537,8888
6538,8889
6539,8903
6540,8915
6541,8916
6542,8936
6543,8938
6544,8963
6545,8965
6546,8967
6547,8982
6548,8999
6549,9007
6550,9024
6551,9025
6552,9026
6553,9030
6554,9040
6555,9051
6556,9055
6557,9081
6558,9082
6559,9086
6560,9092
6561,9099
6562,9107
6563,9108
6564,9136
6565,9144
6566,9145
6567,9158
6568,9173
6569,9190
6570,9193
6571,9194
6572,9212
6573,9216
6574,9218
6575,9219
6576,9225
6577,9226
6578,9227
6579,9255
6580,9256
6581,9257
6582,9258
6583,9259
6584,9260
6585,9261
6586,9265
6587,9288
6588,9302
6589,9319
6590,9320
6591,9326
6592,9333
6593,9339
6594,9348
6595,9369
6596,9370
6597,9387
6598,9422
6599,9426
6600,9445
6601,9446
6602,9475
6603,9504
6604,9506
6605,9507
6606,9516
6607,9518
6608,9537
6609,9551
6610,9553
6611,9557
6612,9568
6613,9571
6614,9574
6615,9577
6616,9610
6617,9614
6618,9625
6619,9642
6620,9713
6621,9743
6622,9748
6623,9749
6624,9750
6625,9751
6626,9752
6627,9778
6628,9787
6629,9798
6630,9812
6631,9823
6632,9879
6633,9886
6634,9932
6635,9937
6636,9962
6637,9965
6638,9998
6639,10004
6640,10037
6641,10041
6642,10042
6643,10062
6644,10076
6645,10078
6646,10092
6647,10104
6648,10109
6649,10112
6650,10141
6651,10174
6652,10177
6653,10190
6654,10195
6655,10201
6656,10205
6657,10241
6658,10247
6659,10262
6660,10278
6661,10306
6662,10339
6663,10359
6664,10385
6665,10413
6666,10455
6667,10465
6668,10471
6669,10479
6670,10508
6671,10545
6672,10551
6673,10554
6674,10596
6675,10633
6676,10657
6677,10661
6678,10662
6679,10665
6680,10678
6681,10688
6682,10709
6683,10713
6684,10739
6685,10740
6686,10743
6687,10744
6688,10763
6689,10806
6690,10807
6691,10816
6692,10864
6693,10881
6694,10922
6695,10926
6696,10930
6697,10935
6698,10966
6699,10981
6700,11019
6701,11038
6702,11073
6703,11099
6704,11126
6705,11130
6706,11171
6707,11173
6708,11177
6709,11178
6710,11183
6711,11200
6712,11216
6713,11218
6714,11228
6715,11241
6716,11266
6717,11312
6718,11316
6719,11323
6720,11371
6721,11379
6722,11403
6723,11452
6724,11454
6725,11464
6726,11479
6727,11481
6728,11491
6729,11506
6730,11527
6731,11528
6732,11532
6733,11575
6734,11582
6735,11590
6736,11633
6737,11682
6738,11684
6739,11711
6740,11798
6741,11835
6742,11836
6743,11840
6744,11843
6745,11847
6746,11849
6747,11868
6748,11874
6749,11896
6750,11899
6751,11906
6752,12016
6753,12018
6754,12023
6755,12059
6756,12092
6757,12112
6758,12128
6759,12149
6760,12154
6761,12163
6762,12169
6763,12170
6764,12172
6765,12176
6766,12182
6767,12183
6768,12187
6769,12198
6770,12208
6771,12215
6772,12259
6773,12280
6774,12297
6775,12303
6776,12309
6777,12321
6778,12334
6779,12337
6780,12343
6781,12357
6782,12364
6783,12377
6784,12425
6785,12426
6786,12430
6787,12435
6788,12461
6789,12467
6790,12469
6791,12472
6792,12505
6793,12531
6794,12576
6795,12661
6796,12693
6797,12715
6798,12716
6799,12746
6800,12788
6801,12806
6802,12837
6803,12847
6804,12859
6805,12864
6806,12885
6807,12930
6808,12986
6809,13011
6810,13076
6811,13084
6812,13096
6813,13108
6814,13114
6815,13120
6816,13139
6817,13181
6818,13214
6819,13231
6820,13258
6821,13272
6822,13279
6823,13280
6824,13321
6825,13331
6826,13336
6827,13347
6828,13396
6829,13400
6830,13401
6831,13407
6832,13421
6833,13435
6834,13436
6835,13458
6836,13476
6837,13483
6838,13508
6839,13557
6840,13623
6841,13631
6842,13632
6843,13650
6844,13666
6845,13688
6846,13708
6847,13721
6848,13746
6849,13749
6850,13778
6851,13779
6852,13794
6853,13826
6854,13840
6855,13845
6856,13869
6857,13870
6858,13872
6859,13893
6860,13903
6861,13950
6862,13957
6863,13969
6864,13981
6865,14041
6866,14044
6867,14067
6868,14068
6869,14111
6870,14125
6871,14134
6872,14151
6873,14184
6874,14189
6875,14194
6876,14206
6877,14218
6878,14243
6879,14264
6880,14272
6881,14291
6882,14309
6883,14351
6884,14429
6885,14432
6886,14434
6887,14447
6888,14459
6889,14492
6890,14503
6891,14511
6892,14516
6893,14541
6894,14554
6895,14562
6896,14568
6897,14589
6898,14604
6899,14624
6900,14627
6901,14650
6902,14659
6903,14664
6904,14668
6905,14707
6906,14726
6907,14736
6908,14739
6909,14752
6910,14767
6911,14781
6912,14784
6913,14809
6914,14839
6915,14886
6916,14888
6917,14899
6918,14903
6919,14913
6920,14928
6921,14939
6922,14957
6923,14976
6924,15027
6925,15030
6926,15062
6927,15068
6928,15079
6929,15083
6930,15129
6931,15131
6932,15142
6933,15172
6934,15174
6935,15244
6936,15257
6937,15284
6938,15324
6939,15342
6940,15349
6941,15371
6942,15379
6943,15389
6944,15393
6945,15401
6946,15411
6947,15430
6948,15437
6949,15514
6950,15521
6951,15564
6952,15574
6953,15586
6954,15606
6955,15609
6956,15633
6957,15635
6958,15655
6959,15663
6960,15676
6961,15735
6962,15786
6963,15815
6964,15819
6965,15850
6966,15863
6967,15893
6968,15899
6969,15938
6970,15948
6971,15958
6972,15965
6973,15988
6974,15999
6975,16023
6976,16062
6977,16076
6978,16101
6979,16115
6980,16141
6981,16164
6982,16173
6983,16175
6984,16193
6985,16217
6986,16230
6987,16233
6988,16236
6989,16253
6990,16255
6991,16264
6992,16325
6993,16333
6994,16392
6995,16428
6996,16449
6997,16452
6998,16471
6999,16478
7000,16487
7001,16498
7002,16513
7003,16535
7004,16543
7005,16569
7006,16599
7007,16627
7008,16648
7009,7009
7010,7010
